{"cameraMode":{"drawMode":0,"name":"Shaded","section":"Shading Mode"},"sceneLighting":false,"audioPlay":false,"sceneViewState":{"showFog":true,"showMaterialUpdate":false,"showSkybox":false,"showFlares":true,"showImageEffects":true,"showParticleSystems":true},"in2DMode":false,"pivot":{"x":0.01482277363538742,"y":0.08499004691839218,"z":-0.18342439830303193},"rotation":{"x":-0.0704382061958313,"y":0.010473540052771569,"z":0.0007407880038954318,"w":0.997464656829834},"size":0.15413576364517213,"orthographic":false}