{"cameraMode":{"drawMode":0,"name":"Shaded","section":"Shading Mode"},"sceneLighting":false,"audioPlay":false,"sceneViewState":{"showFog":true,"showMaterialUpdate":false,"showSkybox":false,"showFlares":true,"showImageEffects":true,"showParticleSystems":true},"in2DMode":false,"pivot":{"x":71.22684478759766,"y":167.36212158203126,"z":-41.511962890625},"rotation":{"x":0.05837182700634003,"y":-0.05687148496508598,"z":0.0033321671653538944,"w":0.9966736435890198},"size":875.7733764648438,"orthographic":false}