{"cameraMode":{"drawMode":0,"name":"Shaded","section":"Shading Mode"},"sceneLighting":true,"audioPlay":false,"sceneViewState":{"showFog":true,"showMaterialUpdate":false,"showSkybox":true,"showFlares":true,"showImageEffects":true,"showParticleSystems":true},"in2DMode":false,"pivot":{"x":453.5566101074219,"y":403.305419921875,"z":162.0766143798828},"rotation":{"x":-0.06177041679620743,"y":-0.0023987581953406336,"z":0.0001481699728174135,"w":-0.9980901479721069},"size":986.4266357421875,"orthographic":false}